INSERT INTO `admin_users` VALUES (1,'Patrick','admin@gasrapido.com','$2b$12$eSRmP6ebEYUepaPA1N6lUuGx.KqRSE/sHk92SRXbIxxo.qdplGt5G','Patrick GÁS RAPIDO',1,NULL,NULL,'2026-03-20 13:53:08','2026-03-16 18:47:30','2026-03-20 13:53:07');
INSERT INTO `coupons` VALUES (30001,'PAX','','fixo',5.00,0.00,NULL,0,1,'2026-03-18 00:00:00','2030-12-15 00:00:00','2026-03-18 20:32:05');
INSERT INTO `customers` VALUES (1,'Naiguel (Stop Grill)','64984452281','','Av. Garibaldi Teixeira','São Francisco','Quirinópolis','',0,0.00,'2026-03-17 11:42:45','2026-03-17 19:41:10',NULL),(30001,'GIZELE FERREIRA DE FARIAS','','','21  DE ABRIL','SANTA CLARA','Quirinópolis','',0,0.00,'2026-03-17 23:12:25','2026-03-17 23:12:25','89 A'),(60001,'BETH DO SALGADO ','','','DOMINGOS BATISTA DE SOUZA','HELIO LEÃO 3','Quirinópolis','',0,0.00,'2026-03-18 11:55:56','2026-03-18 11:55:56','08'),(60002,'GILVANEA  PRIMA','','','RUA 01 ','TALISMÃ','Quirinópolis','',0,0.00,'2026-03-18 12:14:13','2026-03-18 12:14:13','QD 34 LT09'),(60003,'PANIFICADORA AMERIA','64 99641-4767','','RUA 18','JARDIM VITORIA','Quirinópolis','',0,0.00,'2026-03-18 12:20:18','2026-03-18 12:21:40','78'),(60004,'PÃO  DE MEL',' 64 99260-5304','','R. Domingos Jacinto da Luz, 207 - Municipal, Quirinópolis - GO, 7586000','MUNICIPAL','Quirinópolis','',0,0.00,'2026-03-18 12:26:49','2026-03-18 12:27:24','207'),(60005,'CLEIDIVALDO VENDEDOR',' 64 99202-8658','','PROFESSOR GLICERIO DA CUNHA','CENTRO','Quirinópolis','',0,0.00,'2026-03-18 12:32:25','2026-03-18 12:32:25','60'),(60006,'CARLIN SUJEIRA','64 98455-9179','','RUA 12','ELDORADO','Quirinópolis','',0,0.00,'2026-03-18 12:33:52','2026-03-18 12:33:52','19'),(60007,'DONA RITA','64 98445-8832','','RUA 04','ELDORADO','Quirinópolis','',0,0.00,'2026-03-18 12:35:53','2026-03-18 12:35:53','79'),(60008,'ELIEL PEDREIRO',' 64 98461-4575','','PROFESSOR GLICERIO DA CUNHA','MUNICIPAL','Quirinópolis','',0,0.00,'2026-03-18 12:37:56','2026-03-18 12:37:56','141 B'),(60009,'ELIENE OU  WILIAN RAPIDO CAR',' 64 98139-9917','','JOSE QUINTILIANO LEÃO','CENTRO','Quirinópolis','',0,0.00,'2026-03-18 12:41:25','2026-03-18 12:41:25','170'),(60010,'FRANCISCO DE CASTRO','','','ALMINDA LUZIA CABRAL','PEDRO CARDOSO','Quirinópolis','',0,0.00,'2026-03-18 12:43:03','2026-03-18 12:43:03','66'),(60011,'LUIZ FELIPE VIZINHO MONTADOR DE MOVEIS','64 98421-0349','','JOSE QUINTILIANO LEÃO','SÃO FRANCISCO','Quirinópolis','',0,0.00,'2026-03-18 12:44:37','2026-03-18 12:44:37','348'),(60012,'GUSTAVO CABRAL ','64 98127-3202','','21 DE ABRIL','PEDRO CARDOSO','Quirinópolis','',0,0.00,'2026-03-18 12:46:06','2026-03-18 12:46:06','19'),(90001,'JOSE  WALTER DA CAIXA','64 98441-5052','','JOSÉ QUINTILIANO LEÃO','CENTRO','Quirinópolis','',0,0.00,'2026-03-18 16:03:49','2026-03-18 16:03:49','187'),(90002,'JOSÉ MARCIO DE OLIVEIRA','64 98427-3512','','JOSÉ  QUINTILIANO LEÃO','SÃO FRANCISCO','QUIRINOPOLIS','',0,0.00,'2026-03-18 16:05:43','2026-03-18 16:05:43','364'),(90003,'LEANDRIN PINTOR','64 98432-2875','','JOSE VICENTE DE PAULA','SOL  NASCENTE','Quirinópolis','',0,0.00,'2026-03-18 16:07:39','2026-03-18 16:07:39','235'),(90004,'MARIA DIAS','64 98429-9379','','MANOEL JOSE CABRAL QUITO','CADEIA','Quirinópolis','',0,0.00,'2026-03-18 16:09:55','2026-03-18 16:09:55','46'),(90005,'LILIAN (MARIA APARECIDA)','64 99289-2341','','ONICIO RESENDE','ALEXANDRINA','Quirinópolis','',0,0.00,'2026-03-18 16:12:08','2026-03-18 16:12:08','62 FUNDOS'),(90006,'MARIA AMELIO',' 64 98443-4385','','FABIO GARCIA','CENTRO','Quirinópolis','',0,0.00,'2026-03-18 16:13:32','2026-03-18 16:13:32','84'),(90007,'MARIA HELENA MÃE DO GUIL','64 98427-2148','','LAZARO XAVIER','HELIO LEÃO 3','Quirinópolis','',0,0.00,'2026-03-18 16:15:33','2026-03-18 16:15:33','328'),(90008,'MARIA APARECIA (NINA)','64 98405-1115','','APRIJIO DE ANDRADE','CHICO JUNQUEIRA','Quirinópolis','',0,0.00,'2026-03-18 16:17:29','2026-03-18 16:17:29','29'),(90009,'RENATA DA EDICULA','64 98406-8882','','JOÃO GONÇALVES RODRIGUES','GRANVILLE','Quirinópolis','',0,0.00,'2026-03-18 16:21:15','2026-03-18 16:21:15','QD;71 LT;'),(120001,'SIRLENE DO JAMIL','64 98415-9408','','RUA 03','ALPHAVILLE','Quirinópolis','',0,0.00,'2026-03-18 18:38:04','2026-03-18 18:38:04','54'),(120002,'SONIA MARIA','64 98442-7745','','ANTONIO JOAQUIN DE ANDRADE','CHICO JUNQUEIRA','Quirinópolis','',0,0.00,'2026-03-18 18:40:00','2026-03-18 18:40:00','31'),(120003,'SILVANA DA ZILDA','64 99320-5893','','LAZARO XAVIER','HELIO LEÃO 3','Quirinópolis','',0,0.00,'2026-03-18 18:41:27','2026-03-18 18:41:27','321');
INSERT INTO `deliverers` VALUES (1,'carlos mqss','(64) 99324-2074','carlos@e.com','$2b$12$Qbzlq/HucLpH9OL0SQ8JbOQCEDjUHvcmNwKTpPoD8fO6J6PXOdd1e','',1,1,'2026-03-18 19:05:18','2026-03-16 22:41:19','2026-03-18 19:05:17');
INSERT INTO `gas_count` VALUES (240007,'2026-03-18',NULL,'Botíjão de Gás 13kg',0,6,6,0,'Reposição automática do pedido #GR20260318122154','sistema_automatico','2026-03-18 12:21:54','2026-03-18 22:42:50'),(270001,'2026-03-13',1,'Botijão P13',50,20,15,5,'Contagem de teste','test-user','2026-03-18 18:10:16','2026-03-18 18:10:16'),(270002,'2026-03-13',2,'Botijão P2',45,25,0,0,NULL,'test-user','2026-03-18 18:10:16','2026-03-18 18:10:16'),(270003,'2026-03-13',1,'Botijão P13',-5,10,0,0,NULL,'test-user','2026-03-18 18:10:17','2026-03-18 18:10:17'),(270004,'2026-03-13',1,'Botijão P13',50,20,15,5,'Contagem de teste','test-user','2026-03-18 18:20:44','2026-03-18 18:20:44'),(270005,'2026-03-13',2,'Botijão P2',45,25,0,0,NULL,'test-user','2026-03-18 18:20:44','2026-03-18 18:20:44'),(270006,'2026-03-13',1,'Botijão P13',-5,10,0,0,NULL,'test-user','2026-03-18 18:20:44','2026-03-18 18:20:44'),(270007,'2026-03-13',1,'Botijão P13',50,20,15,5,'Contagem de teste','test-user','2026-03-18 18:21:05','2026-03-18 18:21:05'),(270008,'2026-03-13',2,'Botijão P2',45,25,0,0,NULL,'test-user','2026-03-18 18:21:05','2026-03-18 18:21:05'),(270009,'2026-03-13',1,'Botijão P13',-5,10,0,0,NULL,'test-user','2026-03-18 18:21:05','2026-03-18 18:21:05'),(300001,'2026-03-13',1,'Botijão P13',50,20,15,5,'Contagem de teste','test-user','2026-03-18 19:02:07','2026-03-18 19:02:07'),(300002,'2026-03-13',2,'Botijão P2',45,25,0,0,NULL,'test-user','2026-03-18 19:02:07','2026-03-18 19:02:07'),(300003,'2026-03-13',1,'Botijão P13',-5,10,0,0,NULL,'test-user','2026-03-18 19:02:08','2026-03-18 19:02:08'),(300004,'2026-03-13',1,'Botijão P13',50,20,15,5,'Contagem de teste','test-user','2026-03-18 19:22:26','2026-03-18 19:22:26'),(300005,'2026-03-13',2,'Botijão P2',45,25,0,0,NULL,'test-user','2026-03-18 19:22:26','2026-03-18 19:22:26'),(300006,'2026-03-13',1,'Botijão P13',-5,10,0,0,NULL,'test-user','2026-03-18 19:22:26','2026-03-18 19:22:26'),(300007,'2026-03-13',1,'Botijão P13',50,20,15,5,'Contagem de teste','test-user','2026-03-18 19:23:53','2026-03-18 19:23:53'),(300008,'2026-03-13',2,'Botijão P2',45,25,0,0,NULL,'test-user','2026-03-18 19:23:53','2026-03-18 19:23:53'),(300009,'2026-03-13',1,'Botijão P13',-5,10,0,0,NULL,'test-user','2026-03-18 19:23:54','2026-03-18 19:23:54'),(330001,'2026-03-13',1,'Botijão P13',50,20,15,5,'Contagem de teste','test-user','2026-03-18 22:32:45','2026-03-18 22:32:45'),(330002,'2026-03-13',2,'Botijão P2',45,25,0,0,NULL,'test-user','2026-03-18 22:32:45','2026-03-18 22:32:45'),(330003,'2026-03-13',1,'Botijão P13',-5,10,0,0,NULL,'test-user','2026-03-18 22:32:46','2026-03-18 22:32:46'),(330004,'2026-03-13',1,'Botijão P13',50,20,15,5,'Contagem de teste','test-user','2026-03-18 22:33:37','2026-03-18 22:33:37'),(330005,'2026-03-13',2,'Botijão P2',45,25,0,0,NULL,'test-user','2026-03-18 22:33:37','2026-03-18 22:33:37'),(330006,'2026-03-13',1,'Botijão P13',-5,10,0,0,NULL,'test-user','2026-03-18 22:33:38','2026-03-18 22:33:38'),(330007,'2026-03-13',1,'Botijão P13',50,20,15,5,'Contagem de teste','test-user','2026-03-18 22:33:41','2026-03-18 22:33:41'),(330008,'2026-03-13',2,'Botijão P2',45,25,0,0,NULL,'test-user','2026-03-18 22:33:41','2026-03-18 22:33:41'),(330009,'2026-03-13',1,'Botijão P13',-5,10,0,0,NULL,'test-user','2026-03-18 22:33:42','2026-03-18 22:33:42');
INSERT INTO `inventory_adjustments` VALUES (270001,'2026-03-18 18:10:17','entrega_caminhao',1,'Botijão P13',251,221,-30,'Recebimento de 30 botijões vazios',270001,NULL,'test-user','Caminhão chegou com vazios - Entrega normal','2026-03-18 18:10:17'),(270002,'2026-03-18 18:10:18','entrega_caminhao',1,'Botijão P13',221,261,40,'Entrega de 40 botijões cheios',270001,NULL,'test-user','Caminhão entregou cheios - Entrega normal','2026-03-18 18:10:17'),(270003,'2026-03-18 18:20:45','entrega_caminhao',1,'Botijão P13',261,231,-30,'Recebimento de 30 botijões vazios',270003,NULL,'test-user','Caminhão chegou com vazios - Entrega normal','2026-03-18 18:20:44'),(270004,'2026-03-18 18:20:45','entrega_caminhao',1,'Botijão P13',231,271,40,'Entrega de 40 botijões cheios',270003,NULL,'test-user','Caminhão entregou cheios - Entrega normal','2026-03-18 18:20:44'),(270005,'2026-03-18 18:21:06','entrega_caminhao',1,'Botijão P13',271,241,-30,'Recebimento de 30 botijões vazios',270005,NULL,'test-user','Caminhão chegou com vazios - Entrega normal','2026-03-18 18:21:05'),(270006,'2026-03-18 18:21:06','entrega_caminhao',1,'Botijão P13',241,281,40,'Entrega de 40 botijões cheios',270005,NULL,'test-user','Caminhão entregou cheios - Entrega normal','2026-03-18 18:21:05'),(300001,'2026-03-18 19:02:08','entrega_caminhao',1,'Botijão P13',281,251,-30,'Recebimento de 30 botijões vazios',300001,NULL,'test-user','Caminhão chegou com vazios - Entrega normal','2026-03-18 19:02:07'),(300002,'2026-03-18 19:02:08','entrega_caminhao',1,'Botijão P13',251,291,40,'Entrega de 40 botijões cheios',300001,NULL,'test-user','Caminhão entregou cheios - Entrega normal','2026-03-18 19:02:07'),(300003,'2026-03-18 19:22:27','entrega_caminhao',1,'Botijão P13',291,261,-30,'Recebimento de 30 botijões vazios',300003,NULL,'test-user','Caminhão chegou com vazios - Entrega normal','2026-03-18 19:22:26'),(300004,'2026-03-18 19:22:27','entrega_caminhao',1,'Botijão P13',261,301,40,'Entrega de 40 botijões cheios',300003,NULL,'test-user','Caminhão entregou cheios - Entrega normal','2026-03-18 19:22:26'),(300005,'2026-03-18 19:23:54','entrega_caminhao',1,'Botijão P13',301,271,-30,'Recebimento de 30 botijões vazios',300005,NULL,'test-user','Caminhão chegou com vazios - Entrega normal','2026-03-18 19:23:53'),(300006,'2026-03-18 19:23:54','entrega_caminhao',1,'Botijão P13',271,311,40,'Entrega de 40 botijões cheios',300005,NULL,'test-user','Caminhão entregou cheios - Entrega normal','2026-03-18 19:23:53'),(330001,'2026-03-18 22:32:46','entrega_caminhao',1,'Botijão P13',309,279,-30,'Recebimento de 30 botijões vazios',330001,NULL,'test-user','Caminhão chegou com vazios - Entrega normal','2026-03-18 22:32:46'),(330002,'2026-03-18 22:32:46','entrega_caminhao',1,'Botijão P13',279,319,40,'Entrega de 40 botijões cheios',330001,NULL,'test-user','Caminhão entregou cheios - Entrega normal','2026-03-18 22:32:46'),(330003,'2026-03-18 22:33:38','entrega_caminhao',1,'Botijão P13',319,289,-30,'Recebimento de 30 botijões vazios',330003,NULL,'test-user','Caminhão chegou com vazios - Entrega normal','2026-03-18 22:33:38'),(330004,'2026-03-18 22:33:38','entrega_caminhao',1,'Botijão P13',289,329,40,'Entrega de 40 botijões cheios',330003,NULL,'test-user','Caminhão entregou cheios - Entrega normal','2026-03-18 22:33:38'),(330005,'2026-03-18 22:33:42','entrega_caminhao',1,'Botijão P13',329,299,-30,'Recebimento de 30 botijões vazios',330005,NULL,'test-user','Caminhão chegou com vazios - Entrega normal','2026-03-18 22:33:42'),(330006,'2026-03-18 22:33:42','entrega_caminhao',1,'Botijão P13',299,339,40,'Entrega de 40 botijões cheios',330005,NULL,'test-user','Caminhão entregou cheios - Entrega normal','2026-03-18 22:33:42');
INSERT INTO `order_items` VALUES (120003,120003,1,'Botíjão de Gás 13kg',NULL,120.00,1,120.00);
INSERT INTO `orders` VALUES (120003,'GR20260318224250',NULL,'carlos','(64) 9939-9999','sol, nº 44','sol nascente','entregue','fiado',1,'2026-03-18 22:44:19',1,'carlos mqss',120.00,0.00,0.00,120.00,NULL,'','2026-03-18 22:44:19','2026-03-18 22:42:50','2026-03-18 22:44:19');
INSERT INTO `products` VALUES (1,'Botíjão de Gás 13kg','Botíjão GLP 13kg. Ideal para uso doméstico. Entrega rápida na sua porta.',120.00,NULL,NULL,'gas','unidade',336,10,1,'2026-03-16 18:47:31','2026-03-18 22:42:50'),(2,'Botíjão de Gás 20kg','Botíjão GLP 20kg. Ideal para comércios e restaurantes.',180.00,NULL,NULL,'gas','unidade',30,5,1,'2026-03-16 18:47:31','2026-03-16 18:47:31'),(3,'Botíjão de Gás 45kg','Botíjão GLP 45kg. Para grandes estabelecimentos e indústrias.',380.00,NULL,NULL,'gas','unidade',15,3,1,'2026-03-16 18:47:31','2026-03-16 18:47:31'),(4,'Água Mineral 20L','Galão de água mineral natural 20 litros. Entrega com troca de vasilhame.',18.00,NULL,NULL,'agua','galão',40,10,1,'2026-03-16 18:47:31','2026-03-16 18:47:31'),(5,'Mangueira de Gás 1,20m','Mangueira de gás com 1,20m. Alta resistência e segurança.',28.00,NULL,NULL,'acessorio','unidade',20,5,1,'2026-03-16 18:47:31','2026-03-16 18:47:31'),(6,'Regulador de Gás','Regulador de pressão para botíjão. Homologado pelo INMETRO.',35.00,NULL,NULL,'acessorio','unidade',15,5,1,'2026-03-16 18:47:31','2026-03-16 18:47:31');
INSERT INTO `settings` VALUES (1,'storeName','Gás Rápido','2026-03-16 18:47:31'),(2,'phone','(64) 3651-1874','2026-03-16 18:47:31'),(3,'whatsapp','(64) 98456-5616','2026-03-16 18:47:31'),(4,'address','Av. José Quintiliano Leão, 346 B','2026-03-16 18:47:31'),(5,'city','Quirinópolis','2026-03-16 18:47:31'),(6,'state','GO','2026-03-16 18:47:31'),(7,'openingHours','Seg-Sáb: 07:00 - 19:00 | Dom: 08:00 - 12:00','2026-03-16 18:47:31'),(8,'deliveryFee','0.00','2026-03-17 11:18:37'),(9,'minOrderValue','0.00','2026-03-16 18:47:31'),(240088,'zipCode','','2026-03-17 11:09:06'),(240092,'deliveryRadius','10','2026-03-17 11:09:06'),(240093,'adminEmail','admin@gasrapido.com','2026-03-17 11:09:07'),(240094,'lowStockThreshold','10','2026-03-17 11:09:07');
INSERT INTO `stock_movements` VALUES (60001,1,'Botíjão de Gás 13kg','saida',1,252,251,'Pedido #GR20260318122154',60001,'2026-03-18 12:21:54'),(90001,1,'Botíjão de Gás 13kg','saida',1,311,310,'Pedido #GR20260318194658',90001,'2026-03-18 19:46:58'),(90002,1,'Botíjão de Gás 13kg','saida',1,310,309,'Pedido #GR20260318203106',90002,'2026-03-18 20:31:06'),(120001,1,'Botíjão de Gás 13kg','saida',1,339,338,'Pedido #GR20260318223800',120001,'2026-03-18 22:38:00'),(120002,1,'Botíjão de Gás 13kg','saida',1,338,337,'Pedido #GR20260318224152',120002,'2026-03-18 22:41:52'),(120003,1,'Botíjão de Gás 13kg','saida',1,337,336,'Pedido #GR20260318224250',120003,'2026-03-18 22:42:50');
INSERT INTO `truck_deliveries` VALUES (270001,'2026-03-18 18:10:17','ABC-1234',NULL,'João Silva','concluido',30,40,'Teste de entrega','2026-03-18 18:10:18','2026-03-18 18:10:18','2026-03-18 18:10:17','2026-03-18 18:10:17'),(270002,'2026-03-18 18:10:18','',NULL,'João','planejado',0,0,NULL,NULL,NULL,'2026-03-18 18:10:17','2026-03-18 18:10:17'),(270003,'2026-03-18 18:20:44','ABC-1234',NULL,'João Silva','concluido',30,40,'Teste de entrega','2026-03-18 18:20:45','2026-03-18 18:20:45','2026-03-18 18:20:44','2026-03-18 18:20:44'),(270004,'2026-03-18 18:20:45','',NULL,'João','planejado',0,0,NULL,NULL,NULL,'2026-03-18 18:20:45','2026-03-18 18:20:45'),(270005,'2026-03-18 18:21:05','ABC-1234',NULL,'João Silva','concluido',30,40,'Teste de entrega','2026-03-18 18:21:06','2026-03-18 18:21:06','2026-03-18 18:21:05','2026-03-18 18:21:05'),(270006,'2026-03-18 18:21:06','',NULL,'João','planejado',0,0,NULL,NULL,NULL,'2026-03-18 18:21:05','2026-03-18 18:21:05'),(300001,'2026-03-18 19:02:07','ABC-1234',NULL,'João Silva','concluido',30,40,'Teste de entrega','2026-03-18 19:02:08','2026-03-18 19:02:08','2026-03-18 19:02:07','2026-03-18 19:02:07'),(300002,'2026-03-18 19:02:08','',NULL,'João','planejado',0,0,NULL,NULL,NULL,'2026-03-18 19:02:08','2026-03-18 19:02:08'),(300003,'2026-03-18 19:22:26','ABC-1234',NULL,'João Silva','concluido',30,40,'Teste de entrega','2026-03-18 19:22:27','2026-03-18 19:22:27','2026-03-18 19:22:26','2026-03-18 19:22:26'),(300004,'2026-03-18 19:22:27','',NULL,'João','planejado',0,0,NULL,NULL,NULL,'2026-03-18 19:22:27','2026-03-18 19:22:27'),(300005,'2026-03-18 19:23:53','ABC-1234',NULL,'João Silva','concluido',30,40,'Teste de entrega','2026-03-18 19:23:54','2026-03-18 19:23:54','2026-03-18 19:23:53','2026-03-18 19:23:54'),(300006,'2026-03-18 19:23:54','',NULL,'João','planejado',0,0,NULL,NULL,NULL,'2026-03-18 19:23:54','2026-03-18 19:23:54'),(330001,'2026-03-18 22:32:46','ABC-1234',NULL,'João Silva','concluido',30,40,'Teste de entrega','2026-03-18 22:32:46','2026-03-18 22:32:46','2026-03-18 22:32:45','2026-03-18 22:32:46'),(330002,'2026-03-18 22:32:47','',NULL,'João','planejado',0,0,NULL,NULL,NULL,'2026-03-18 22:32:46','2026-03-18 22:32:46'),(330003,'2026-03-18 22:33:38','ABC-1234',NULL,'João Silva','concluido',30,40,'Teste de entrega','2026-03-18 22:33:38','2026-03-18 22:33:38','2026-03-18 22:33:37','2026-03-18 22:33:38'),(330004,'2026-03-18 22:33:39','',NULL,'João','planejado',0,0,NULL,NULL,NULL,'2026-03-18 22:33:38','2026-03-18 22:33:38'),(330005,'2026-03-18 22:33:42','ABC-1234',NULL,'João Silva','concluido',30,40,'Teste de entrega','2026-03-18 22:33:43','2026-03-18 22:33:43','2026-03-18 22:33:41','2026-03-18 22:33:42'),(330006,'2026-03-18 22:33:43','',NULL,'João','planejado',0,0,NULL,NULL,NULL,'2026-03-18 22:33:42','2026-03-18 22:33:42'),(360001,'2026-03-20 16:19:58','365353',NULL,'Gdgss','planejado',0,0,'\n',NULL,NULL,'2026-03-20 16:19:57','2026-03-20 16:19:57');
INSERT INTO `truck_delivery_items` VALUES (270001,270001,1,'Botijão P13',30,40,'Entrega normal','2026-03-18 18:10:17'),(270002,270003,1,'Botijão P13',30,40,'Entrega normal','2026-03-18 18:20:44'),(270003,270005,1,'Botijão P13',30,40,'Entrega normal','2026-03-18 18:21:05'),(300001,300001,1,'Botijão P13',30,40,'Entrega normal','2026-03-18 19:02:07'),(300002,300003,1,'Botijão P13',30,40,'Entrega normal','2026-03-18 19:22:26'),(300003,300005,1,'Botijão P13',30,40,'Entrega normal','2026-03-18 19:23:53'),(330001,330001,1,'Botijão P13',30,40,'Entrega normal','2026-03-18 22:32:45'),(330002,330003,1,'Botijão P13',30,40,'Entrega normal','2026-03-18 22:33:38'),(330003,330005,1,'Botijão P13',30,40,'Entrega normal','2026-03-18 22:33:42');
INSERT INTO `users` VALUES (1,'Gf7BBDCCtAqzTbgHggycR2','fireconta01+001','fireconta01+001@gmail.com','email','admin','2026-03-16 18:49:29','2026-03-20 16:22:24','2026-03-20 16:22:24');
